"city","state"
"Abbevile","Georgia, GA"
"Abeville","Georgia, GA"
"Abiline","Texas, TX"
"Adamsvile","Tennessee, TN"
"Acron","Ohio, OH"
"Alabastre","Alabama, AL"
"Alamusa","Colorado, CO"
"Albanee","Oregon, OR"
"Albny","Oregon, OR"
"Allbany","New York, NY"
"Albertvile","Alabama, AL"
"Abaquerque","New Mexico, NM"
"Albequerque","New Mexico, NM"
"Albuqerque","New Mexico, NM"
"Albuquerqe","New Mexico, NM"
"Allgona","Washington, WA"
"Algonkwen","Illinois, IL"
"Algonkwin","Illinois, IL"
"Algonquen","Illinois, IL"
"Alentown","Pennsylvania, PA"
"Amla","Arkansas, AR"
"Andarson","South Carolina, SC"
"An Arbor","Michigan, MI"
"Anapolis","Maryland, MD"
"Aniston","Alabama, AL"
"Annoka","Minnesota, MN"
"Anthoy","New Mexico, NM"
"Apach Junction","Arizona, AZ"
"Apache Junktion","Arizona, AZ"
"Apexs","North Carolina, NC"
"Artesea","Mississippi, MS"
"Avrada","Colorado, CO"
"Rvada","Colorado, CO"
"Ashtown","Idaho, ID"
"Aspin","Colorado, CO"
"Athins","Georgia, GA"
"Atthol","Massachusetts, MA"
"Altanta","Georgia, GA"
"Aburn","Alabama, AL"
"Aubern","Washington, WA"
"Uaburn","Washington, WA"
"Alt","Colorado, CO"
"Ult","Colorado, CO"
"Arora","Colorado, CO"
"Uarora","Illinois, IL"
"Bakersfeild","California, CA"
"Baltimor","Maryland, MD"
"Bandere","Texas, TX"
"Bandira","Texas, TX"
"Bare","Vermont, VT"
"Batevia","Illinois, IL"
"Bakster Springs","Kansas, KS"
"Bayo La Bater","Alabama, AL"
"Bayo La Batre","Alabama, AL"
"Bayou La Bater","Alabama, AL"
"Bayuo La Batre","Alabama, AL"
"Boyu La Bater","Alabama, AL"
"Boyu La Batre","Alabama, AL"
"Baerdstown","Illinois, IL"
"Baettie","Kansas, KS"
"Beatie","Kansas, KS"
"Beever","Oklahoma, OK"
"Bever","Oklahoma, OK"
"Belleveu","Washington, WA"
"Belingham","Washington, WA"
"Belinghem","Washington, WA"
"Belsoni","Mississippi, MS"
"Bemedji","Minnesota, MN"
"Bemidje","Minnesota, MN"
"Bemidjee","Minnesota, MN"
"Berae","Kentucky, KY"
"Berkley","California, CA"
"Berklui","California, CA"
"Berkly","California, CA"
"Berlen","New Hampshire, NH"
"Burlin","New Hampshire, NH"
"Berian Springs","Michigan, MI"
"Brerrian Springs","Michigan, MI"
"Berryvile","Arkansas, AR"
"Burthoud","Colorado, CO"
"Bertrim","Texas, TX"
"Besemer","Alabama, AL"
"Bethleham","Connecticut, CT"
"Bethleham","Pennsylvania, PA"
"Bilcksi","Mississippi, MS"
"Bilocksi","Mississippi, MS"
"Bimghamton","New York, NY"
"Bermingham","Alabama, AL"
"Berminghum","Alabama, AL"
"Birminghum","Alabama, AL"
"Brimingham","Alabama, AL"
"Bisshop","California, CA"
"Bloomingtown","Illinois, IL"
"Bluefeild","West Virginia, WV"
"Bonne","North Carolina, NC"
"Bothel","Washington, WA"
"Bolder","Colorado, CO"
"Bozman","Montana, MT"
"Braeux Bridge","Louisiana, LA"
"Brekenridge","Colorado, CO"
"Breverd","North Carolina, NC"
"Brigdeport","Connecticut, CT"
"Brinckley","Arkansas, AR"
"Bristal","Connecticut, CT"
"Bristel","Tennessee, TN"
"Bristel","Connecticut, CT"
"Bristel","Virginia, VA"
"Bristil","Tennessee, TN"
"Brocktun","Massachusetts, MA"
"Brocton","Massachusetts, MA"
"Brokton","Massachusetts, MA"
"Brunswik","Missouri, MO"
"Benua","California, CA"
"Beuna","California, CA"
"Buhll","Idaho, ID"
"Bulh","Idaho, ID"
"Berlington","Vermont, VT"
"Bute","Montana, MT"
"Butt","Montana, MT"
"Biram Township","New Jersey, NJ"
"Kalabash","North Carolina, NC"
"Callwel","Texas, TX"
"Callwell","Texas, TX"
"Calwel","Texas, TX"
"Campbel","California, CA"
"Campbele","California, CA"
"Cannon","Georgia, GA"
"Carbundale","Colorado, CO"
"Carboro","North Carolina, NC"
"Carrborro","North Carolina, NC"
"Castro Ville","California, CA"
"Castrovile","California, CA"
"Cederedge","Colorado, CO"
"Centrel City","Colorado, CO"
"Chadborn","North Carolina, NC"
"Champaign -Urbana","Illinois, IL"
"Champaign Urbana","Illinois, IL"
"Champaigne-Urbana","Illinois, IL"
"Champain -Urbana","Illinois, IL"
"Chandlur","Arizona, AZ"
"Charleton","South Carolina, SC"
"Chatswoorth","California, CA"
"Chatanoga","Tennessee, TN"
"Chatanooga","Tennessee, TN"
"Chattanoga","Tennessee, TN"
"Cherryfeild","Maine, ME"
"Chessire","Connecticut, CT"
"Cheyene","Wyoming, WY"
"Chicargo","Illinois, IL"
"Checo","California, CA"
"Cheiko","California, CA"
"Cheko","California, CA"
"Chiko","California, CA"
"Chewla Vista","California, CA"
"Chuula Vista","California, CA"
"Churobusco","Indiana, IN"
"Churubesco","Indiana, IN"
"Cincinati","Ohio, OH"
"Cinsinati","Ohio, OH"
"Cinsinnati","Ohio, OH"
"Sincinati","Ohio, OH"
"Sincinnati","Ohio, OH"
"Sinsinati","Ohio, OH"
"Circlevile","Ohio, OH"
"Clerk","South Dakota, SD"
"Clarksvile","Tennessee, TN"
"Claxtown","Georgia, GA"
"Clevland","Ohio, OH"
"Clefton","Texas, TX"
"Cliften","Texas, TX"
"Cliftin","Texas, TX"
"Cloves","California, CA"
"Kloves","California, CA"
"Klovis","California, CA"
"Coachela","California, CA"
"Coahcela","California, CA"
"Coahcella","California, CA"
"Cochela","California, CA"
"Cochella","California, CA"
"Cocanut","Florida, FL"
"Codee","Wyoming, WY"
"Codi","Wyoming, WY"
"Collinsvile","Illinois, IL"
"Collonial Beach","Virginia, VA"
"Culquitt","Georgia, GA"
"Clumbia","Maryland, MD"
"Colubia","Maryland, MD"
"Columbea","South Carolina, SC"
"Calumbus","Indiana, IN"
"Colubus","Ohio, OH"
"Columbas","Indiana, IN"
"Colvile","Washington, WA"
"Comptan","California, CA"
"Compten","California, CA"
"Conaway","Arkansas, AR"
"Connway","Arkansas, AR"
"Cooperston","New York, NY"
"Coperstown","New York, NY"
"Corel Springs","Florida, FL"
"Cordell","Georgia, GA"
"Cornning","California, CA"
"Cornning","New York, NY"
"Carona","California, CA"
"Coricana","Texas, TX"
"Corsikana","Texas, TX"
"Cotonwood Heights","Utah, UT"
"Cosad","Nebraska, NE"
"Cranferd","New Jersey, NJ"
"Crawferd","Nebraska, NE"
"Crede","Colorado, CO"
"Creed","Colorado, CO"
"Crested But","Colorado, CO"
"Crested Bute","Colorado, CO"
"Crested Butt","Colorado, CO"
"Crisfeild","Maryland, MD"
"Crsytal Lake","Illinois, IL"
"Ceuro","Texas, TX"
"Cuaro","Texas, TX"
"Dawlten","Georgia, GA"
"Dawlton","Georgia, GA"
"Dally City","California, CA"
"Danbery","Connecticut, CT"
"Danebrog","Nebraska, NE"
"Dannesborg","Nebraska, NE"
"Danvile","Kentucky, KY"
"Daveis","California, CA"
"Dayvis","California, CA"
"Dawsen","Georgia, GA"
"Dawsin","Georgia, GA"
"Daeton","Ohio, OH"
"Decalb","Illinois, IL"
"DeeKalb","Illinois, IL"
"Decater","Alabama, AL"
"Decauter","Alabama, AL"
"Decautur","Alabama, AL"
"Dear Trail","Colorado, CO"
"Daland","Florida, FL"
"Delphis","Ohio, OH"
"Delphus","Ohio, OH"
"Demopalis","Alabama, AL"
"Denvile","New Jersey, NJ"
"Darby","Connecticut, CT"
"Dery","New Hampshire, NH"
"Des Alemands","Louisiana, LA"
"Des Monies","Iowa, IA"
"Dinuuba","California, CA"
"Dogde City","Kansas, KS"
"Doglas","Wyoming, WY"
"Duoglas","Alabama, AL"
"Dove Creak","Colorado, CO"
"Dovar","Delaware, DE"
"Draytown","North Dakota, ND"
"Drumrite","Oklahoma, OK"
"Debach","Louisiana, LA"
"Deluth","Minnesota, MN"
"Domas","Arkansas, AR"
"Dummas","Arkansas, AR"
"Duncanvile","Texas, TX"
"Derango","Colorado, CO"
"Dyersvile","Iowa, IA"
"Aegle Lake","Texas, TX"
"Eu Claire","Michigan, MI"
"Egdewater","Colorado, CO"
"Il Pase","Texas, TX"
"L'Paso","Texas, TX"
"El Rino","Oklahoma, OK"
"L Rino","Oklahoma, OK"
"Elberten","Georgia, GA"
"Elbertun","Georgia, GA"
"Elgen","South Carolina, SC"
"Elgen","Texas, TX"
"Lgin","South Carolina, SC"
"Elisabethton","Tennessee, TN"
"Elizabetham","Tennessee, TN"
"Elizabethten","Tennessee, TN"
"Elkheart","Indiana, IN"
"Emmerson","Arkansas, AR"
"Emmitsburg","Iowa, IA"
"Imunclaw","Washington, WA"
"Eerie","Pennsylvania, PA"
"Erei","Pennsylvania, PA"
"Irwin","North Carolina, NC"
"Ufaula","Alabama, AL"
"Eugean","Oregon, OR"
"Ugene","Oregon, OR"
"Eutes","Florida, FL"
"Ustis","Florida, FL"
"Fairfeild","Iowa, IA"
"Fallbroock","California, CA"
"Falon","Nevada, NV"
"Farmingten","Maine, ME"
"Faeteville","Arkansas, AR"
"Faetteville","Arkansas, AR"
"Fayeteville","Arkansas, AR"
"Fayeteville","North Carolina, NC"
"Fayettevile","North Carolina, NC"
"Fayettville","Arkansas, AR"
"Fayetvile","North Carolina, NC"
"Fayetville","Arkansas, AR"
"Fayetville","North Carolina, NC"
"Fernadina Beach","Florida, FL"
"Fernandena Beach","Florida, FL"
"Forestvile","California, CA"
"Forrestville","California, CA"
"Fort Colins","Colorado, CO"
"Fort Dogde","Iowa, IA"
"Fort Laderdale","Florida, FL"
"Fort Le","New Jersey, NJ"
"Fort Miers","Florida, FL"
"Fort Pane","Alabama, AL"
"Fort Tompson","South Dakota, SD"
"Fort Waine","Indiana, IN"
"Fort Wayn","Indiana, IN"
"Fort Wort","Texas, TX"
"Fortesceu","New Jersey, NJ"
"Fruta","Colorado, CO"
"Fullton","New York, NY"
"Gainsvile","Florida, FL"
"Gainsvile","Georgia, GA"
"Galalee","Rhode Island, RI"
"Gallilee","Rhode Island, RI"
"Gallop","New Mexico, NM"
"Galverten","Texas, TX"
"Galvestin","Texas, TX"
"Garry","Indiana, IN"
"Gaelord","Michigan, MI"
"Genao","Nevada, NV"
"Gillroy","California, CA"
"Girad","Kansas, KS"
"Glendele","California, CA"
"Glendeve","Montana, MT"
"Glocester","Massachusetts, MA"
"Glochester","Massachusetts, MA"
"Goeleta","California, CA"
"Golleta","California, CA"
"Gonzals","Louisiana, LA"
"Granvile","New York, NY"
"Greely","Colorado, CO"
"Greley","Colorado, CO"
"Green Forrest","Arkansas, AR"
"Greenfeild","California, CA"
"Greenvile","Alabama, AL"
"Greenvile","South Carolina, SC"
"Greenwod","South Carolina, SC"
"Grifin","Georgia, GA"
"Griggsvile","Illinois, IL"
"Grigsville","Illinois, IL"
"Grinell","Iowa, IA"
"Grinnel","Iowa, IA"
"Groten","Connecticut, CT"
"Growton","Connecticut, CT"
"Geuydan","Louisiana, LA"
"Gulf port","Mississippi, MS"
"Haisenda Heights","California, CA"
"Hasenda Heights","California, CA"
"Hadly","Massachusetts, MA"
"Hagerston","Maryland, MD"
"Hagerton","Maryland, MD"
"Hayns","Alaska, AK"
"Hanies City","Florida, FL"
"Haleyvile","Alabama, AL"
"Hamdin","Connecticut, CT"
"Hamelton","Texas, TX"
"Hamiltown","Texas, TX"
"Hanibal","Missouri, MO"
"Hartferd","Connecticut, CT"
"Hartsele","Alabama, AL"
"Hasting","Nebraska, NE"
"Hatiesburg","Mississippi, MS"
"Hattesburg","Mississippi, MS"
"Haversstraw","New York, NY"
"Haysvile","Kansas, KS"
"Heracles","California, CA"
"Hercales","California, CA"
"Hurshy","Pennsylvania, PA"
"Hialaeh","Florida, FL"
"Hileah","Florida, FL"
"Holtvile","California, CA"
"Hollyoak","Massachusetts, MA"
"Hollyoke","Massachusetts, MA"
"Holyoak","Massachusetts, MA"
"Honerker","Virginia, VA"
"Hunaker","Virginia, VA"
"Honnolulu","Hawaii, HI"
"Honololu","Hawaii, HI"
"Honoluluu","Hawaii, HI"
"Hoston","Texas, TX"
"Huoston","Texas, TX"
"Huston","Texas, TX"
"Heuytown","Alabama, AL"
"Huntingdon Beach","California, CA"
"Huntly","Illinois, IL"
"Huntsvile","Alabama, AL"
"Huntsvile","Texas, TX"
"Llwaco","Washington, WA"
"Indepandence","Missouri, MO"
"Independance","Missouri, MO"
"Indianna","Pennsylvania, PA"
"Indianaopolis","Indiana, IN"
"Inianapolis","Indiana, IN"
"Indeo","California, CA"
"Iselton","California, CA"
"Isletun","California, CA"
"Istelon","California, CA"
"Jakson","Mississippi, MS"
"Jacksonvile","Alabama, AL"
"Jacksonvile","Florida, FL"
"Jameston","North Dakota, ND"
"Japser","Arkansas, AR"
"Jenings","Kansas, KS"
"Jenings","Louisiana, LA"
"Jerom","Arizona, AZ"
"Jersy City","New Jersey, NJ"
"Johnsson City","Tennessee, TN"
"Johnston","Pennsylvania, PA"
"Joeliet","Illinois, IL"
"Jolliet","Illinois, IL"
"Jonesborough","Arkansas, AR"
"Jonesboro","Tennessee, TN"
"Jeenay","Alaska, AK"
"Jenau","Alaska, AK"
"Calamazoo","Michigan, MI"
"Kalamazo","Michigan, MI"
"Kalispel","Montana, MT"
"Kalisspell","Montana, MT"
"Kanapolis","North Carolina, NC"
"Kansus City","Kansas, KS"
"Caufman","Texas, TX"
"Kafman","Texas, TX"
"Kufman","Texas, TX"
"Kene","New Hampshire, NH"
"Kenne","New Hampshire, NH"
"Kaiser","Oregon, OR"
"Kaizer","Oregon, OR"
"Keiser","Oregon, OR"
"Keizar","Oregon, OR"
"Kellso","Washington, WA"
"Kanai","Alaska, AK"
"Keani","Alaska, AK"
"Kenei","Alaska, AK"
"Kenesaw","Georgia, GA"
"Kennisaw","Georgia, GA"
"Kenten","Tennessee, TN"
"Keokuck","Iowa, IA"
"Kiokuck","Iowa, IA"
"Kiokuk","Iowa, IA"
"Kechikan","Alaska, AK"
"Kecthikan","Alaska, AK"
"Ketchekan","Alaska, AK"
"Kewane","Illinois, IL"
"Kewanne","Illinois, IL"
"Kingsvile","Texas, TX"
"Kirikland","Washington, WA"
"Kerwin","Kansas, KS"
"Kirwen","Kansas, KS"
"Kuhnick","Alaska, AK"
"Kunik","Alaska, AK"
"Nik","Alaska, AK"
"Knoxvile","Tennessee, TN"
"Codiak","Alaska, AK"
"Cocomo","Indiana, IN"
"Kocomo","Indiana, IN"
"La Crose","Kansas, KS"
"Lafayatt","Louisiana, LA"
"Lafayatte","Louisiana, LA"
"Lake Binton","Minnesota, MN"
"Laramy","Wyoming, WY"
"Las Vagas","Nevada, NV"
"Lathrup","Missouri, MO"
"Lebannon","Tennessee, TN"
"Lebanonn","Tennessee, TN"
"Lecompt","Louisiana, LA"
"Leneksa","Kansas, KS"
"Lenor","Tennessee, TN"
"Leeola","South Dakota, SD"
"Loela","South Dakota, SD"
"Loeti","Kansas, KS"
"Leuus","Delaware, DE"
"Lewis","Delaware, DE"
"Lexingtown","Kentucky, KY"
"Lexingtown","Massachusetts, MA"
"Lemon","Colorado, CO"
"Linclon","Alabama, AL"
"Linclon","Nebraska, NE"
"Linculn","Alabama, AL"
"Lindin","California, CA"
"Lindborg","Kansas, KS"
"Lethonia","Georgia, GA"
"Littel Rock","Arkansas, AR"
"Lokport","New York, NY"
"Laudy","California, CA"
"Lody","California, CA"
"Lordy","California, CA"
"Lowdy","California, CA"
"Lomberd","Illinois, IL"
"Lompac","California, CA"
"Lumpac","California, CA"
"Lumpack","California, CA"
"Long Baech","California, CA"
"Long Beech","California, CA"
"Los Angels","California, CA"
"Los Angleles","California, CA"
"Los Angles","California, CA"
"Louisvile","Kentucky, KY"
"Loop City","Nebraska, NE"
"Lowel","Arkansas, AR"
"Lowel","Massachusetts, MA"
"Lenchburg","Virginia, VA"
"Lynchberg","Virginia, VA"
"Madisen","Wisconsin, WI"
"Magie Valley","North Carolina, NC"
"Mallvern","Arkansas, AR"
"Malverne","Arkansas, AR"
"Machester","New Hampshire, NH"
"Mancester","New Hampshire, NH"
"Manchestar","Connecticut, CT"
"Manhatan","Kansas, KS"
"Manhatan","New York, NY"
"Manferd","Oklahoma, OK"
"Manford","Oklahoma, OK"
"Mannferd","Oklahoma, OK"
"Maryon","Indiana, IN"
"Marionvile","Missouri, MO"
"Merseiles","Illinois, IL"
"Merseilles","Illinois, IL"
"Merselles","Illinois, IL"
"Mersiles","Illinois, IL"
"Marrysvile","California, CA"
"Marrysville","California, CA"
"Marysvile","California, CA"
"Marysvile","Kansas, KS"
"Maton","Illinois, IL"
"Matton","Illinois, IL"
"MacAlen","Texas, TX"
"MacAllen","Texas, TX"
"McAlen","Texas, TX"
"MCloud","California, CA"
"McMinnvile","Tennessee, TN"
"McMinville","Tennessee, TN"
"Medfeild","Massachusetts, MA"
"Melborn","Florida, FL"
"Melborne","Florida, FL"
"Melburne","Florida, FL"
"Merked","California, CA"
"Murced","California, CA"
"Meridith","New Hampshire, NH"
"Mariden","Connecticut, CT"
"Merriden","Connecticut, CT"
"Meryden","Connecticut, CT"
"Misick","Michigan, MI"
"Metropalis","Illinois, IL"
"Maimi","Florida, FL"
"Miame","Florida, FL"
"Myame","Florida, FL"
"Myami","Florida, FL"
"Midletown","Connecticut, CT"
"Midlothien","Texas, TX"
"Mildthoian","Texas, TX"
"Milinocket","Maine, ME"
"Millinoket","Maine, ME"
"Milepeters","California, CA"
"Milepitas","California, CA"
"Milipiters","California, CA"
"Millipeters","California, CA"
"Millipitas","California, CA"
"Milwakee","Wisconsin, WI"
"Mineapolis","Minnesota, MN"
"Minnapolis","Minnesota, MN"
"Minneaoplis","Minnesota, MN"
"Meshawaka","Indiana, IN"
"Misoula","Montana, MT"
"Missola","Montana, MT"
"Missula","Montana, MT"
"Montery","California, CA"
"Mountgomery","Minnesota, MN"
"Muntgomery","Alabama, AL"
"Muntgomery","Minnesota, MN"
"Monticelo","Minnesota, MN"
"Morten","Illinois, IL"
"Mount Idah","Arkansas, AR"
"Mount Plaesent","Texas, TX"
"Mount Pleasant","Texas, TX"
"Mount Pleasent","Texas, TX"
"Mountain Veiw","Arkansas, AR"
"Muskigon","Michigan, MI"
"Mertle Beach","South Carolina, SC"
"Napervile","Illinois, IL"
"Nashuwa","New Hampshire, NH"
"Nashvile","Arkansas, AR"
"Nashvile","Georgia, GA"
"Nashvile","Tennessee, TN"
"Nagatuck","Connecticut, CT"
"Naguatuck","Connecticut, CT"
"Nagutuck","Connecticut, CT"
"Naugatack","Connecticut, CT"
"Naugatauk","Connecticut, CT"
"Nedarland","Colorado, CO"
"Noesho","Missouri, MO"
"New Britin","Connecticut, CT"
"Brenswick","New Jersey, NJ"
"New Castel","Pennsylvania, PA"
"New Havan","Connecticut, CT"
"New Heaven","Connecticut, CT"
"New Orlaens","Louisiana, LA"
"New Rochele","New York, NY"
"New Roshele","New York, NY"
"New Roshelle","New York, NY"
"New Elm","Minnesota, MN"
"New Yurk City","New York, NY"
"nyc","New York, NY"
"Neuark","New Jersey, NJ"
"Newbury","Michigan, MI"
"Newberyport","Massachusetts, MA"
"Newman","Georgia, GA"
"Nuuman","Georgia, GA"
"Nuuport","Rhode Island, RI"
"Niagra Falls","New York, NY"
"Norko","California, CA"
"Normann","Oklahoma, OK"
"North Adums","Massachusetts, MA"
"North Plate","Nebraska, NE"
"North Tonwanda","New York, NY"
"Northhampton","Massachusetts, MA"
"Northhamptown","Massachusetts, MA"
"Northfeild","Minnesota, MN"
"Norwhich","Connecticut, CT"
"Norwitch","Connecticut, CT"
"Ofallen","Missouri, MO"
"O'Neil","Nebraska, NE"
"Oneil","Nebraska, NE"
"Oak Rigde","Tennessee, TN"
"Okeland","Nebraska, NE"
"Ocaen City","New Jersey, NJ"
"Ocoei","Florida, FL"
"Okooe","Florida, FL"
"Odgensburg","New York, NY"
"Ogdensberg","New York, NY"
"Oceechobe","Florida, FL"
"Oceechobee","Florida, FL"
"Okechobee","Florida, FL"
"Oklaoma City","Oklahoma, OK"
"Olath","Kansas, KS"
"Alnee","Illinois, IL"
"Olnee","Illinois, IL"
"Omeha","Nebraska, NE"
"Onrway","Michigan, MI"
"Unaway","Michigan, MI"
"Orim","Utah, UT"
"Owray","Colorado, CO"
"Oxnerd","California, CA"
"Osark","Alabama, AL"
"Pacifika","California, CA"
"Padukah","Kentucky, KY"
"Palicade","Colorado, CO"
"Plam Springs","California, CA"
"Pamama Beach","Florida, FL"
"Pananma Beach","Florida, FL"
"Parsins","Kansas, KS"
"Pasedena","California, CA"
"Patarson","New Jersey, NJ"
"Pautucket","Rhode Island, RI"
"Peebody","Massachusetts, MA"
"Pearsonvile","California, CA"
"Personville","California, CA"
"Pensecola","Florida, FL"
"Pensicola","Florida, FL"
"Peeoria","Illinois, IL"
"Peorhia","Illinois, IL"
"Pert Amboy","New Jersey, NJ"
"Peruu","Indiana, IN"
"Petersberg","West Virginia, WV"
"Felps","New York, NY"
"Philedelphia","Pennsylvania, PA"
"Philidelphia","Pennsylvania, PA"
"Piladelphia","Pennsylvania, PA"
"Fenix","Arizona, AZ"
"Phenix","Arizona, AZ"
"Pheonix","Arizona, AZ"
"Pikevile","Kentucky, KY"
"Pitsburg","Kansas, KS"
"Pittburg","Kansas, KS"
"Pittsburgh","Kansas, KS"
"Pitsberg","Pennsylvania, PA"
"Pitsburg","Pennsylvania, PA"
"Pitsburgh","Pennsylvania, PA"
"Pittsberg","Pennsylvania, PA"
"Pittsburg","Pennsylvania, PA"
"Placervile","California, CA"
"Plaserville","California, CA"
"Planfeild","New Jersey, NJ"
"Planno","Texas, TX"
"Plymoth","Massachusetts, MA"
"Plymuth","Massachusetts, MA"
"Pocatelo","Idaho, ID"
"Poncatoula","Louisiana, LA"
"Ponchatola","Louisiana, LA"
"Ponchatula","Louisiana, LA"
"Port Land","Oregon, OR"
"Pratvile","Alabama, AL"
"Pratville","Alabama, AL"
"Prescot","Arizona, AZ"
"Preskie Isle","Maine, ME"
"Presqu Isle","Maine, ME"
"Prestin","Minnesota, MN"
"Provinceton","Massachusetts, MA"
"Provvo","Utah, UT"
"Peublo","Colorado, CO"
"Punsutawny","Pennsylvania, PA"
"Punxutawney","Pennsylvania, PA"
"Puxsutawny","Pennsylvania, PA"
"Percel","Oklahoma, OK"
"Percell","Oklahoma, OK"
"Persel","Oklahoma, OK"
"Purcel","Oklahoma, OK"
"Pursel","Oklahoma, OK"
"Kwincy","Illinois, IL"
"Kwinter","Kansas, KS"
"Quietman","Texas, TX"
"Quiteman","Texas, TX"
"Radferd","Virginia, VA"
"Redford","Virginia, VA"
"Raliegh","North Carolina, NC"
"Ralley","North Carolina, NC"
"Randolf","Nebraska, NE"
"Rae","North Dakota, ND"
"Rain","Louisiana, LA"
"Reeding","Pennsylvania, PA"
"Redmund","Washington, WA"
"Redwod","California, CA"
"Redwould","California, CA"
"Readley","California, CA"
"Reehoboth Beach","Delaware, DE"
"Rihoboth Beach","Delaware, DE"
"Rinfro","Kentucky, KY"
"Rino","Nevada, NV"
"Rhineback","New York, NY"
"Richmend","Virginia, VA"
"Ria Ranco","New Mexico, NM"
"Roanoak","Virginia, VA"
"Ronoke","Virginia, VA"
"Rocester","New York, NY"
"Rochesster","New Hampshire, NH"
"Rokland","Maine, ME"
"Rosco","New York, NY"
"Rossco","New York, NY"
"Roswel","New Mexico, NM"
"Rumknee","New Hampshire, NH"
"Rumnee","New Hampshire, NH"
"Rumny","New Hampshire, NH"
"Russel Springs","Kansas, KS"
"Rutlend","Vermont, VT"
"Sackramento","California, CA"
"Sackremento","California, CA"
"Sacremento","California, CA"
"Siant Paul","Minnesota, MN"
"Salam","Massachusetts, MA"
"Salam","Missouri, MO"
"Salam","New Hampshire, NH"
"Salam","Oregon, OR"
"Selem","Massachusetts, MA"
"Salena","Kansas, KS"
"San Agilo","Texas, TX"
"San Angilo","Texas, TX"
"San Deago","California, CA"
"San Deigo","California, CA"
"San Diago","California, CA"
"San Francesco","California, CA"
"San Fransico","California, CA"
"San Hose","California, CA"
"San Hosey","California, CA"
"San Josay","California, CA"
"Sandersvile","Georgia, GA"
"Sangar","California, CA"
"Sansem Park","Texas, TX"
"Sansum Park","Texas, TX"
"Santa Cruise","California, CA"
"Santa Fae","New Mexico, NM"
"Santa Monika","California, CA"
"Santa Rosea","New Mexico, NM"
"Saraota","Florida, FL"
"Sarastoa","Florida, FL"
"Saratuga","Wyoming, WY"
"Sarahtoga Springs","New York, NY"
"Savanah","Georgia, GA"
"Schenactdy","New York, NY"
"Schenctady","New York, NY"
"Schnectady","New York, NY"
"Scotdale","Arizona, AZ"
"Scotsdale","Arizona, AZ"
"Scrannton","Pennsylvania, PA"
"Seeford","Delaware, DE"
"Seaside Hieghts","New Jersey, NJ"
"Cedona","Arizona, AZ"
"Sedonna","Arizona, AZ"
"Sellma","California, CA"
"Sentaobia","Mississippi, MS"
"Saverance","Colorado, CO"
"Shelbyvile","Tennessee, TN"
"Shellbyvile","Tennessee, TN"
"Shellbyville","Tennessee, TN"
"Seerra Vista","Arizona, AZ"
"Siera Vista","Arizona, AZ"
"Silaom Springs","Arkansas, AR"
"Siou City","Iowa, IA"
"Sious City","Iowa, IA"
"Soux City","Iowa, IA"
"Soux Falls","South Dakota, SD"
"Sitca","Alaska, AK"
"Slowcomb","Alabama, AL"
"Soilders Grave","Wisconsin, WI"
"Soildiers Grove","Wisconsin, WI"
"Sulvang","California, CA"
"South Heven","Michigan, MI"
"Spartanberg","South Carolina, SC"
"Spokan","Washington, WA"
"Springfeild","Illinois, IL"
"Springfeild","Massachusetts, MA"
"Springfeild","Missouri, MO"
"Spingvile","Utah, UT"
"Saint Albans","Vermont, VT"
"St Albans","Vermont, VT"
"St. Cluod","Minnesota, MN"
"St Louis","Missouri, MO"
"St. Martinvile","Louisiana, LA"
"St Petersburg","Florida, FL"
"St. Petersberg","Florida, FL"
"Stamferd","Connecticut, CT"
"Statan Island","New York, NY"
"Statin Island","New York, NY"
"Stillwell","Oklahoma, OK"
"Stocton","California, CA"
"Stokton","California, CA"
"Strongsvile","Ohio, OH"
"Stutgart","Arkansas, AR"
"Stutgartt","Arkansas, AR"
"Seger Land","Texas, TX"
"Shuger Land","Texas, TX"
"Sugercreek","Ohio, OH"
"Sumer","Missouri, MO"
"Sun Prarie","Wisconsin, WI"
"Sunyvale","California, CA"
"Sylacaga","Alabama, AL"
"Tacomah","Washington, WA"
"Takoma","Washington, WA"
"Takuma Park","Maryland, MD"
"Talint","Oregon, OR"
"Telant","Oregon, OR"
"Talahasse","Florida, FL"
"Talahassee","Florida, FL"
"Tallahasee","Florida, FL"
"Tallahasse","Florida, FL"
"Tarpun Springs","Florida, FL"
"Terpon Springs","Florida, FL"
"Terpun Springs","Florida, FL"
"Taryall","Colorado, CO"
"Taton","Massachusetts, MA"
"Tauton","Massachusetts, MA"
"Tuton","Massachusetts, MA"
"Telleride","Colorado, CO"
"Toelleride","Colorado, CO"
"Terengua","Texas, TX"
"Tere Haute","Indiana, IN"
"Terre Hate","Indiana, IN"
"Texakana","Arkansas, AR"
"Texerkana","Arkansas, AR"
"Texaz City","Texas, TX"
"Texsas City","Texas, TX"
"The Colonny","Texas, TX"
"Thomasvile","North Carolina, NC"
"Tolado","Ohio, OH"
"Tolido","Ohio, OH"
"Toambstone","Arizona, AZ"
"Toamstone","Arizona, AZ"
"Toner","North Dakota, ND"
"Taverse City","Michigan, MI"
"Troie","New York, NY"
"Tuscon","Arizona, AZ"
"Tuellake","California, CA"
"Telsa","Oklahoma, OK"
"Tucsaloosa","Alabama, AL"
"Tuscalosa","Alabama, AL"
"Tuskagee","Alabama, AL"
"Tieler","Texas, TX"
"Tiler","Texas, TX"
"Unadila","Nebraska, NE"
"Faldosta","Georgia, GA"
"Valdusta","Georgia, GA"
"Valey City","Ohio, OH"
"Valpariso","Indiana, IN"
"Vicksberg","Mississippi, MS"
"Victorhia","Texas, TX"
"Vidallia","Georgia, GA"
"Wacco","Texas, TX"
"Wako","Texas, TX"
"Wala Wala","Washington, WA"
"Walawala","Washington, WA"
"Walla","Washington, WA"
"Wallawalla","Washington, WA"
"Walace","Idaho, ID"
"Wallis","Idaho, ID"
"Walthum","Massachusetts, MA"
"Warensberg","Missouri, MO"
"Warensburg","Missouri, MO"
"Warrensberg","Missouri, MO"
"Waroad","Minnesota, MN"
"War Trace","Tennessee, TN"
"Wartrase","Tennessee, TN"
"Warwic","Georgia, GA"
"Warwik","Georgia, GA"
"Warwik","Rhode Island, RI"
"Wasko","California, CA"
"Wosco","California, CA"
"Wosko","California, CA"
"Washingtown","Missouri, MO"
"Waterbery","Connecticut, CT"
"Watsonvile","California, CA"
"Wainesboro","Georgia, GA"
"Wayneboro","Georgia, GA"
"Waynesborough","Georgia, GA"
"Waynesboru","Georgia, GA"
"Weatherferd","Texas, TX"
"Wetherford","Texas, TX"
"Weirten","West Virginia, WV"
"Werton","West Virginia, WV"
"West Havan","Connecticut, CT"
"Westfeild","Massachusetts, MA"
"Westfeild","New York, NY"
"Wetempka","Alabama, AL"
"Wikenburg","Arizona, AZ"
"Wilard","Ohio, OH"
"Wilimantic","Connecticut, CT"
"Wilits","California, CA"
"Wils Point","Texas, TX"
"Willmingten","Delaware, DE"
"Willmington","Delaware, DE"
"Willmington","Illinois, IL"
"Willminton","Illinois, IL"
"Wilmingten","Delaware, DE"
"Wilmingtown","North Carolina, NC"
"Wilmingtown","Ohio, OH"
"Winfeild","Alabama, AL"
"Winemuca","Nevada, NV"
"Winemucca","Nevada, NV"
"Winnemuca","Nevada, NV"
"Winokski","Vermont, VT"
"Winoski","Vermont, VT"
"Winston Salam","North Carolina, NC"
"Winstconstin Dells","Wisconsin, WI"
"Wochester","Massachusetts, MA"
"Worchester","Massachusetts, MA"
"Worthingtown","Minnesota, MN"
"Senia","Ohio, OH"
"Xenea","Ohio, OH"
"Yackima","Washington, WA"
"Yonkars","New York, NY"
"Yunkers","New York, NY"
"Yurba Linda","California, CA"
"Uba City","California, CA"
"Uma","Arizona, AZ"
"Zanesvile","Ohio, OH"
"Alameda","California, CA"
"Algona","Iowa, IA"
"Apex","North Carolina, NC"
"Austin","Texas, TX"
"Bangor","Maine, ME"
"Bardstown","Kentucky, KY"
"Bellevue","Washington, WA"
"Berthoud","Colorado, CO"
"Bethany Beach","Delaware, DE"
"Boston","Massachusetts, MA"
"Brooklyn","New York, NY"
"Buena Park","California, CA"
"Buhl","Idaho, ID"
"Cawker City","Kansas, KS"
"Charlotte","North Carolina, NC"
"Chatsworth","California, CA"
"Chico","California, CA"
"Chula Vista","California, CA"
"Colquitt","Georgia, GA"
"Concord","New Hampshire, NH"
"Cottonwood Heights","Utah, UT"
"Cozad","Nebraska, NE"
"Davison","Michigan, MI"
"Dayton","Ohio, OH"
"Denver","Colorado, CO"
"Detroit","Michigan, MI"
"Dickinson","North Dakota, ND"
"Dyersville","Iowa, IA"
"Eaton","Colorado, CO"
"El Paso","Texas, TX"
"Elgin","South Carolina, SC"
"Elkhart","Indiana, IN"
"Emmetsburg","Iowa, IA"
"Fayetteville","North Carolina, NC"
"Flagstaff","Arizona, AZ"
"Fortescue","New Jersey, NJ"
"Gridley","California, CA"
"Hacienda Heights","California, CA"
"Haines","Alaska, AK"
"Haines City","Florida, FL"
"Hammondsport","New York, NY"
"Hershey","Pennsylvania, PA"
"Hialeah","Florida, FL"
"Hot Springs","Arkansas, AR"
"Houston","Texas, TX"
"Inola","Oklahoma, OK"
"Jackson","Michigan, MI"
"Jonesboro","Arkansas, AR"
"Juneau","Alaska, AK"
"Kansas City","Missouri, MO"
"Keansburg","New Jersey, NJ"
"Kenai","Alaska, AK"
"Kirkwood","Missouri, MO"
"Kodiak","Alaska, AK"
"Lafayette","Louisiana, LA"
"Lake Benton","Minnesota, MN"
"Lake Oswego","Oregon, OR"
"Lompoc","California, CA"
"McCloud","California, CA"
"McMinnville","Tennessee, TN"
"Memphis","Tennessee, TN"
"Milpitas","California, CA"
"Milwaukee","Wisconsin, WI"
"Mishawaka","Indiana, IN"
"Modesto","California, CA"
"New Brunswick","New Jersey, NJ"
"New York","New York, NY"
"Newberry","Michigan, MI"
"North Loup","Nebraska, NE"
"O'Fallon","Missouri, MO"
"Ocoee","Florida, FL"
"Oklahoma City","Oklahoma, OK"
"Orem","Utah, UT"
"Ormond Beach","Florida, FL"
"Oroville","California, CA"
"Ouray","Colorado, CO"
"Owensboro","Kentucky, KY"
"Pacifica","California, CA"
"Pasadena","California, CA"
"Perth Amboy","New Jersey, NJ"
"Pinehurst","North Carolina, NC"
"Plymouth","Massachusetts, MA"
"Punxsutawney","Pennsylvania, PA"
"Purcell","Oklahoma, OK"
"Rayne","Louisiana, LA"
"Reedley","California, CA"
"Rehoboth Beach","Delaware, DE"
"Rhinebeck","New York, NY"
"Santa Fe","New Mexico, NM"
"Sedalia","Missouri, MO"
"Senatobia","Mississippi, MS"
"Severance","Colorado, CO"
"Siloam Springs","Arkansas, AR"
"Slocomb","Alabama, AL"
"Somerville","Massachusetts, MA"
"Spencer","Idaho, ID"
"Stilwell","Oklahoma, OK"
"Sugar Land","Texas, TX"
"Sumner","Missouri, MO"
"Sumner","Washington, WA"
"Sylacauga","Alabama, AL"
"Takoma Park","Maryland, MD"
"Tallahassee","Florida, FL"
"Taos","New Mexico, NM"
"Terlingua","Texas, TX"
"Traverse City","Michigan, MI"
"Tulsa","Oklahoma, OK"
"Tuskegee","Alabama, AL"
"Valparaiso","Indiana, IN"
"Victoria","Texas, TX"
"Waterville","Maine, ME"
"Waynesville","Ohio, OH"
"Wichita","Kansas, KS"
"Williamsburg","Virginia, VA"
"Willimantic","Connecticut, CT"
"Willits","California, CA"
"Wilmington","Illinois, IL"
