"Presidency","Presidency (period)","President","Prior office","Party","Election","Vice President"
"1","April 30, 1789 – March 4, 1797","George Washington","Commander-in-Chief of the Continental Army","","1788–89","John Adams[c]"
"1","April 30, 1789 – March 4, 1797","George Washington","Commander-in-Chief of the Continental Army","","1792","John Adams[c]"
"2","March 4, 1797 – March 4, 1801","John Adams","1st vice president of the United States","Federalist","1796","Thomas Jefferson[d]"
"3","March 4, 1801 – March 4, 1809","Thomas Jefferson","2nd vice president of the United States","Democratic-Republican","1800","Aaron Burr"
"3","March 4, 1801 – March 4, 1809","Thomas Jefferson","2nd vice president of the United States","Democratic-Republican","1804","George Clinton[e]"
"4","March 4, 1809 – March 4, 1817","James Madison","5th United States secretary of state","Democratic-Republican","1808","George Clinton[e]"
"4","March 4, 1809 – March 4, 1817","James Madison","5th United States secretary of state","Democratic-Republican","1808","Vacant after April 20, 1812"
"4","March 4, 1809 – March 4, 1817","James Madison","5th United States secretary of state","Democratic-Republican","1812","Elbridge Gerry[e]"
"4","March 4, 1809 – March 4, 1817","James Madison","5th United States secretary of state","Democratic-Republican","1812","Vacant after November 23, 1814"
"5","March 4, 1817 – March 4, 1825","James Monroe","7th United States secretary of state","Democratic-Republican","1816","Daniel D. Tompkins"
"5","March 4, 1817 – March 4, 1825","James Monroe","7th United States secretary of state","Democratic-Republican","1820","Daniel D. Tompkins"
"6","March 4, 1825 – March 4, 1829","John Quincy Adams","8th United States secretary of state","Democratic-Republican","1824","John C. Calhoun[f][g]"
"7","March 4, 1829 – March 4, 1837","Andrew Jackson","U.S. senator from Tennessee","Democratic","1828","John C. Calhoun[f][g]"
"7","March 4, 1829 – March 4, 1837","Andrew Jackson","U.S. senator from Tennessee","Democratic","1828","Vacant after December 28, 1832"
"7","March 4, 1829 – March 4, 1837","Andrew Jackson","U.S. senator from Tennessee","Democratic","1832","Martin Van Buren"
"8","March 4, 1837 – March 4, 1841","Martin Van Buren","8th vice president of the United States","Democratic","1836","Richard M. Johnson"
"9","March 4, 1841 – April 4, 1841","William Henry Harrison[e]","United States minister to Colombia","Whig","1840","John Tyler"
"10","April 4, 1841 – March 4, 1845","John Tyler","10th vice president of the United States","Whig[i]","1840","Vacant throughout presidency"
"11","March 4, 1845 – March 4, 1849","James K. Polk","9th governor of Tennessee","Democratic","1844","George M. Dallas"
"12","March 4, 1849 – July 9, 1850","Zachary Taylor[e]","Major general of the 1st Infantry Regiment United States Army","Whig","1848","Millard Fillmore"
"13","July 9, 1850 – March 4, 1853","Millard Fillmore","12th vice president of the United States","Whig","1848","Vacant throughout presidency"
"14","March 4, 1853 – March 4, 1857","Franklin Pierce","Brigadier general of the 9th Infantry United States Army","Democratic","1852","William R. King[e]"
"14","March 4, 1853 – March 4, 1857","Franklin Pierce","Brigadier general of the 9th Infantry United States Army","Democratic","1852","Vacant after April 18, 1853"
"15","March 4, 1857 – March 4, 1861","James Buchanan","United States minister to the Court of St James's","Democratic","1856","John C. Breckinridge"
"16","March 4, 1861 – April 15, 1865","Abraham Lincoln[k]","U.S. representative for Illinois's 7th District","Republican","1860","Hannibal Hamlin"
"16","March 4, 1861 – April 15, 1865","Abraham Lincoln[k]","U.S. representative for Illinois's 7th District","Republican","1864","Andrew Johnson"
"17","April 15, 1865 – March 4, 1869","Andrew Johnson","16th vice president of the United States","National Union[l]","1864","Vacant throughout presidency"
"17","April 15, 1865 – March 4, 1869","Andrew Johnson","16th vice president of the United States","Democratic","1864","Vacant throughout presidency"
"18","March 4, 1869 – March 4, 1877","Ulysses S. Grant","Commanding general of the U.S. Army","Republican","1868","Schuyler Colfax"
"18","March 4, 1869 – March 4, 1877","Ulysses S. Grant","Commanding general of the U.S. Army","Republican","1872","Henry Wilson[e]"
"18","March 4, 1869 – March 4, 1877","Ulysses S. Grant","Commanding general of the U.S. Army","Republican","1872","Vacant after November 22, 1875"
"19","March 4, 1877 – March 4, 1881","Rutherford B. Hayes","29th & 32nd governor of Ohio","Republican","1876","William A. Wheeler"
"20","March 4, 1881 – September 19, 1881","James A. Garfield[m]","U.S. representative for Ohio's 19th District","Republican","1880","Chester A. Arthur"
"21","September 19, 1881 – March 4, 1885","Chester A. Arthur","20th vice president of the United States","Republican","1880","Vacant throughout presidency"
"22","March 4, 1885 – March 4, 1889","Grover Cleveland","28th governor of New York","Democratic","1884","Thomas A. Hendricks[e]"
"22","March 4, 1885 – March 4, 1889","Grover Cleveland","28th governor of New York","Democratic","1884","Vacant after November 25, 1885"
"23","March 4, 1889 – March 4, 1893","Benjamin Harrison","U.S. senator from Indiana","Republican","1888","Levi P. Morton"
"24","March 4, 1893 – March 4, 1897","Grover Cleveland","22nd president of the United States","Democratic","1892","Adlai Stevenson"
"25","March 4, 1897 – September 14, 1901","William McKinley[o]","39th governor of Ohio","Republican","1896","Garret Hobart[e]"
"25","March 4, 1897 – September 14, 1902","William McKinley[o]","39th governor of Ohio","Republican","1896","Vacant after November 21, 1899"
"25","March 4, 1897 – September 14, 1903","William McKinley[o]","39th governor of Ohio","Republican","1900","Theodore Roosevelt"
"26","September 14, 1901 – March 4, 1909","Theodore Roosevelt","25th vice president of the United States","Republican","1900","Vacant through March 4, 1905"
"26","September 14, 1901 – March 4, 1909","Theodore Roosevelt","25th vice president of the United States","Republican","1904","Charles W. Fairbanks"
"27","March 4, 1909 – March 4, 1913","William H. Taft","42nd United States secretary of war","Republican","1908","James S. Sherman[e]"
"27","March 4, 1909 – March 4, 1914","William H. Taft","42nd United States secretary of war","Republican","1908","Vacant after October 30, 1912"
"28","March 4, 1913 – March 4, 1921","Woodrow Wilson","34th governor of New Jersey","Democratic","1912","Thomas R. Marshall"
"28","March 4, 1913 – March 4, 1921","Woodrow Wilson","34th governor of New Jersey","Democratic","1916","Thomas R. Marshall"
"29","March 4, 1921– August 2, 1923","Warren G. Harding[e]","U.S. senator from Ohio","Republican","1920","Calvin Coolidge"
"30","August 2, 1923 – March 4, 1929","Calvin Coolidge","29th vice president of the United States","Republican","1920","Vacant through March 4, 1925"
"30","August 2, 1923 – March 4, 1929","Calvin Coolidge","29th vice president of the United States","Republican","1924","Charles G. Dawes"
"31","March 4, 1929 – March 4, 1933","Herbert Hoover","3rd United States secretary of commerce","Republican","1928","Charles Curtis"
"32","March 4, 1933 – April 12, 1945","Franklin Delano Roosevelt","44th governor of New York","Democratic","1932","John N. Garner"
"32","March 4, 1933 – April 12, 1946","Franklin D. Roosevelt[e]","44th governor of New York","Democratic","1936","John N. Garner"
"32","March 4, 1933 – April 12, 1947","Franklin D. Roosevelt[e]","44th governor of New York","Democratic","1940","Henry A. Wallace"
"32","March 4, 1933 – April 12, 1948","Franklin D. Roosevelt[e]","44th governor of New York","Democratic","1944","Harry S. Truman"
"33","April 12, 1945 – January 20, 1953","Harry S. Truman","34th vice president of the United States","Democratic","1944","Vacant through January 20, 1949"
"33","April 12, 1945 – January 20, 1953","Harry S. Truman","34th vice president of the United States","Democratic","1948","Alben W. Barkley"
"34","January 20, 1953 – January 20, 1961","Dwight D. Eisenhower","Supreme Allied Commander Europe","Republican","1952","Richard Nixon"
"34","January 20, 1953 – January 20, 1961","Dwight D. Eisenhower","Supreme Allied Commander Europe","Republican","1956","Richard Nixon"
"35","January 20, 1961 – November 22, 1963","John F. Kennedy[q]","U.S. senator from Massachusetts","Democratic","1960","Lyndon B. Johnson"
"36","November 22, 1963 – January 20, 1969","Lyndon B. Johnson","37th vice president of the United States","Democratic","1960","Vacant through January 20, 1965"
"36","November 22, 1963 – January 20, 1969","Lyndon B. Johnson","37th vice president of the United States","Democratic","1964","Hubert Humphrey"
"37","January 20, 1969 – August 9, 1974","Richard Nixon[g]","36th vice president of the United States","Republican","1968","Spiro Agnew[g]"
"37","January 20, 1969 – August 9, 1975","Richard Nixon[g]","36th vice president of the United States","Republican","1972","Spiro Agnew[g]"
"37","January 20, 1969 – August 9, 1976","Richard Nixon[g]","36th vice president of the United States","Republican","1972","Vacant, Oct. 10 – Dec. 6, 1973"
"37","January 20, 1969 – August 9, 1977","Richard Nixon[g]","36th vice president of the United States","Republican","1972","Gerald Ford[r]"
"38","August 9, 1974 – January 20, 1977","Gerald Ford","40th vice president of the United States","Republican","1972","Vacant through December 19, 1974"
"38","August 9, 1974 – January 20, 1978","Gerald Ford","40th vice president of the United States","Republican","1972","Nelson Rockefeller[r]"
"39","January 20, 1977 – January 20, 1981","Jimmy Carter","76th governor of Georgia","Democratic","1976","Walter Mondale"
"40","January 20, 1981 – January 20, 1989","Ronald Reagan","33rd governor of California","Republican","1980","George H. W. Bush"
"40","January 20, 1981 – January 20, 1989","Ronald Reagan","33rd governor of California","Republican","1984","George H. W. Bush"
"41","January 20, 1989 – January 20, 1993","George H. W. Bush","43rd vice president of the United States","Republican","1988","Dan Quayle"
"42","January 20, 1993 – January 20, 2001","Bill Clinton","40th & 42nd governor of Arkansas","Democratic","1992","Al Gore"
"42","January 20, 1993 – January 20, 2001","Bill Clinton","40th & 42nd governor of Arkansas","Democratic","1996","Al Gore"
"43","January 20, 2001 – January 20, 2009","George W. Bush","46th governor of Texas","Republican","2000","Dick Cheney"
"43","January 20, 2001 – January 20, 2009","George W. Bush","46th governor of Texas","Republican","2004","Dick Cheney"
"44","January 20, 2009 – January 20, 2017","Barack Obama","U.S. senator from Illinois","Democratic","2008","Joe Biden"
"44","January 20, 2009 – January 20, 2017","Barack Obama","U.S. senator from Illinois","Democratic","2012","Joe Biden"
"45","January 20, 2017 – Incumbent","Donald Trump","President and Chairman of The Trump Organization","Republican","2016","Mike Pence"
