"Nation","National anthem","Date adopted","Lyricist","Composer","Audio","Ref."
"Afghanistan","""Millī Surūd"" (""National Anthem"")","2006","Abdul Bari Jahani","Babrak Wassa [de]","""Millī Surūd""","[15]"
"Albania","""Betimi mbi Flamur"" (""The Pledge on the Flag"")","1912","Aleksandër Stavre Drenova","Ciprian Porumbescu","""Himni i Flamurit""","[16]"
"Algeria","""Kassaman"" (""We Pledge"")","1962","Moufdi Zakaria","Mohamed Fawzi","""Kassaman""","[17]"
"Andorra","""El Gran Carlemany"" (""The Great Charlemagne"")","1914","Enric Marfany Bons","Juan Benlloch y Vivó","""El Gran Carlemany""","[18]"
"Angola","""Angola Avante"" (""Onward Angola"")","1975","Manuel Rui Alves Monteiro","Rui Alberto Vieira Dias Mingas [pt]","""Angola Avante""","[19][20]"
"Antigua and Barbuda","""Fair Antigua, We Salute Thee""[b]","1981","Novelle Hamilton Richards","Walter Garnet Picart Chambers","""Fair Antigua, We Salute Thee""","[21][22]"
"Argentina","""Himno Nacional Argentino"" (""Argentine National Anthem"")","1813","Vicente López y Planes","Blas Parera","""Himno Nacional Argentino""","[23][24]"
"Armenia","""Mer Hayrenik"" (""Our Fatherland"")","1918","Mikael Nalbandian","Barsegh Kanachyan","""Mer Hayrenik""","[25]"
"Armenia","""Mer Hayrenik"" (""Our Fatherland"")","1991","Mikael Nalbandian","Barsegh Kanachyan","""Mer Hayrenik""","[25]"
"Australia","""Advance Australia Fair""[b]","1984","Peter Dodds McCormick","Peter Dodds McCormick","""Advance Australia Fair""","[26][27][28]"
"Austria","""Bundeshymne der Republik Österreich"" (""National Anthem of the Republic of Austria"")","1947","Paula von Preradović","Wolfgang Amadeus Mozart","",""
"Austria","""Bundeshymne der Republik Österreich"" (""National Anthem of the Republic of Austria"")","1947","Paula von Preradović","Johann Holzer","""National Anthem of the Republic of Austria""","[29][30]"
"Azerbaijan","""Azərbaycan marşı"" (""Azerbaijan's Anthem"")","1918","Ahmed Javad","Uzeyir Hajibeyov","""Azərbaycan Dövlət Himni""","[31][32]"
"Bahamas","""March On, Bahamaland""[b]","1973","Timothy Gibson","Timothy Gibson","""March On, Bahamaland""","[33]"
"Bahrain","""Bahrainona"" (""Our Bahrain"")","1971","Mohamed Sudqi Ayyash","unknown","""Our Bahrain""","[34]"
"Bangladesh","""Amar Shonar Bangla"" (""My Golden Bengal"")","1972","Rabindranath Tagore","Samar Das","""Amar Shonar Bangla""","[35]"
"Barbados","""In Plenty and In Time of Need""","1966","Irving Burgie","C. Van Roland Edwards","""In Plenty and In Time of Need""","[36]"
"Belarus","""My Belarusy"" (""We, the Belarusians"")[c]","1955","Michael Klimovich","Nestar Sakalowski","""My Belarusy""","[37][38]"
"Belgium","The ""Brabançonne""","1830","Jenneval","François Van Campenhout","""The Brabançonne""","[39][40]"
"Belize","""Land of the Free""","1981","Samuel Alfred Haynes","Selwyn Walford Young","""Land of the Free""","[41]"
"Benin","""L'Aube Nouvelle"" (""The Dawn of a New Day"")","1960","Gilbert Jean Dagnon","Gilbert Jean Dagnon","""L'Aube Nouvelle""","[42]"
"Bhutan","""Druk tsendhen"" (""The Thunder Dragon Kingdom"")","1953","Dasho Gyaldun Thinley","Aku Tongmi","""Druk tsendhen""","[43][44]"
"Bolivia","""Himno Nacional de Bolivia"" (""National Anthem of Bolivia"")","1852","José Ignacio de Sanjinés","Leopoldo Benedetto Vincenti","""Himno Nacional de Bolivia""","[45]"
"Bosnia and Herzegovina","""Državna himna Bosne i Hercegovine"" (""The National Anthem of Bosnia and Herzegovina"")","1999","Awaiting official approval","Dušan Šestić","","[46]"
"Botswana","""Fatshe leno la rona"" (""Blessed Be This Noble Land"")","1966","Kgalemang Tumedisco Motsete","Kgalemang Tumedisco Motsete","""Fatshe leno la rona""","[47]"
"Brazil","""Hino Nacional Brasileiro"" (""Brazilian National Anthem"")","1831","Joaquim Osório Duque Estrada","Francisco Manuel da Silva","""Hino Nacional Brasileiro""","[48]"
"Brunei","""Allah Peliharakan Sultan"" (""God Bless the Sultan"")","1951","Pengiran Haji Mohamed Yusuf bin Abdul Rahim","Besar bin Sagap","""Allah Peliharakan Sultan""","[49]"
"Bulgaria","""Mila Rodino"" (""Dear Motherland"")","1964","Tsvetan Radoslavov","Tsvetan Radoslavov","""Mila Rodino""","[50]"
"Burkina Faso","""Une Seule Nuit"" (""One Single Night"")","1984","Thomas Sankara","Thomas Sankara","""Une Seule Nuit""","[51]"
"Burundi","""Burundi Bwacu"" (""Our Burundi"")","1962","Jean-Baptiste Ntahokaja","Marc Barengayabo","""Burundi Bwacu""","[52]"
"Cambodia","""Nokor Reach"" (""Royal Kingdom"")","1941","Samdach Chuon Nat","F. Perruchot","""Nokoreach""","[53]"
"Cambodia","""Nokor Reach"" (""Royal Kingdom"")","1941","Samdach Chuon Nat","J. Jekyll","""Nokoreach""","[53]"
"Cameroon","""O Cameroun, Berceau de nos Ancêtres"" (""O Cameroon, Cradle of Our Forefathers"")","1957","René Djam Afame","René Djam Afame","""O Cameroun, Berceau de nos Ancêtres""","[54]"
"Cameroon","""O Cameroun, Berceau de nos Ancêtres"" (""O Cameroon, Cradle of Our Forefathers"")","1957","Samuel Minkio Bamba","René Djam Afame","""O Cameroun, Berceau de nos Ancêtres""","[54]"
"Cameroon","""O Cameroun, Berceau de nos Ancêtres"" (""O Cameroon, Cradle of Our Forefathers"")","1957","Moïse Nyatte Nko'o","René Djam Afame","""O Cameroun, Berceau de nos Ancêtres""","[54]"
"Cameroon","""O Cameroun, Berceau de nos Ancêtres"" (""O Cameroon, Cradle of Our Forefathers"")","1957","Dr Bernard Fonlon","René Djam Afame","""O Cameroun, Berceau de nos Ancêtres""","[54]"
"Canada","""Ô Canada"" (""O Canada"")[b]","1980","Adolphe-Basile Routhier","Calixa Lavallée","""O Canada""","[55][56][57]"
"Canada","""Ô Canada"" (""O Canada"")[b]","1980","Robert Stanley Weir","Calixa Lavallée","""O Canada""","[55][56][57]"
"Cape Verde","""Cântico da Liberdade"" (""Song of Freedom"")","1996","Amílcar Spencer Lopes","Adalberto Higino Tavares Silva","""Cântico da Liberdade""","[58]"
"Central African Republic","""La Renaissance"" (""The Rebirth"")","1960","Barthélémy Boganda","Herbert Pepper [fr]","""La Renaissance""","[59]"
"Chad","""La Tchadienne"" (""People of Chad"")","1960","Louis Gidrol","Paul Villard","""La Tchadienne""","[60]"
"Chile","""Himno Nacional de Chile"" (""National Anthem of Chile"")","1941","Eusebio Lillo","Ramón Carnicer","""Himno Nacional de Chile""","[61]"
"China","""Yìyǒngjūn Jìnxíngqǔ"" (""March of the Volunteers"")","1949","Tian Han","Nie Er","""Yìyǒngjūn Jìnxíngqǔ""","[62]"
"China","""Yìyǒngjūn Jìnxíngqǔ"" (""March of the Volunteers"")","1982","Tian Han","Nie Er","""Yìyǒngjūn Jìnxíngqǔ""","[62]"
"China","""Yìyǒngjūn Jìnxíngqǔ"" (""March of the Volunteers"")","2004","Tian Han","Nie Er","""Yìyǒngjūn Jìnxíngqǔ""","[62]"
"Colombia","""Himno Nacional de la República de Colombia"" (""National Anthem of the Republic of Colombia"")","1886","Rafael Núñez","Oreste Sindici","""Himno Nacional de la República de Colombia""","[63]"
"Comoros","""Udzima wa ya Masiwa"" (""The Union of the Great Islands"")","1978","Said Hachim Sidi Abderemane","Said Hachim Sidi Abderemane","""Udzima wa ya Masiwa""","[64]"
"Comoros","""Udzima wa ya Masiwa"" (""The Union of the Great Islands"")","1978","Said Hachim Sidi Abderemane","Kamildine Abdallah","""Udzima wa ya Masiwa""","[64]"
"Democratic Republic of the Congo","""Debout Congolais"" (""Arise Congolese"")","1960","Joseph Lutumba","Simon-Pierre Boka di Mpasi Londi","""Debout Congolais""","[65]"
"Democratic Republic of the Congo","""Debout Congolais"" (""Arise Congolese"")","1997","Joseph Lutumba","Simon-Pierre Boka di Mpasi Londi","""Debout Congolais""","[65]"
"Republic of the Congo","""La Congolaise"" (""The Congolese"")","1959","Jacques Tondra","Jean Royer","""La Congolaise""","[66]"
"Republic of the Congo","""La Congolaise"" (""The Congolese"")","1991","Jacques Tondra","Jean Royer","""La Congolaise""","[66]"
"Republic of the Congo","""La Congolaise"" (""The Congolese"")","1959","Georges Kibanghi","Jean Royer","""La Congolaise""","[66]"
"Republic of the Congo","""La Congolaise"" (""The Congolese"")","1991","Georges Kibanghi","Jean Royer","""La Congolaise""","[66]"
"Republic of the Congo","""La Congolaise"" (""The Congolese"")","1959","Jacques Tondra","Joseph Spadilière","""La Congolaise""","[66]"
"Republic of the Congo","""La Congolaise"" (""The Congolese"")","1991","Jacques Tondra","Joseph Spadilière","""La Congolaise""","[66]"
"Republic of the Congo","""La Congolaise"" (""The Congolese"")","1959","Georges Kibanghi","Joseph Spadilière","""La Congolaise""","[66]"
"Republic of the Congo","""La Congolaise"" (""The Congolese"")","1991","Georges Kibanghi","Joseph Spadilière","""La Congolaise""","[66]"
"Costa Rica","""Himno Nacional de Costa Rica"" (""National Anthem of Costa Rica"")","1853","José María Zeledón Brenes","Manuel María Gutiérrez","""Himno Nacional de Costa Rica""","[67]"
"Croatia","""Lijepa naša domovino"" (""Our Beautiful Homeland"")[d]","1972","Antun Mihanović","Josip Runjanin","""Lijepa naša domovino""","[68][69]"
"Cuba","""El Himno de Bayamo"" (""The Anthem of Bayamo"")","1902","Perucho Figueredo","Perucho Figueredo","""El Himno de Bayamo""","[70]"
"Cyprus","""Ýmnos eis tīn Eleutherían"" (""Hymn to Liberty"")[e][f]","1960","Dionýsios Solomós","Nikolaos Mantzaros","""Ýmnos eis tīn Eleutherían""","[71]"
"Czech Republic","""Kde domov můj"" (""Where My Home is"")[g]","1918","Josef Kajetán Tyl","František Škroup","""Kde domov můj""","[72][73]"
"Denmark","""Kong Christian stod ved højen mast"" (""King Christian stood by the lofty mast"")[h]","1835","Adam Oehlenschläger","Hans Ernst Krøyer","""Kong Christian stod ved højen mast""","[74]"
"Djibouti","""Djibouti""","1977","Aden Elmi","Abdi Robleh","""Djibouti""","[75]"
"Dominica","""Isle of Beauty, Isle of Splendour""","1978","Wilfred Oscar Morgan Pond","Lemuel McPherson Christian","""Isle of Beauty, Isle of Splendour""","[76]"
"Dominican Republic","""Himno Nacional"" (""National Anthem"")","1934","Emilio Prud'Homme","José Rufino Reyes y Siancas","""Himno Nacional""","[77]"
"East Timor","""Pátria"" (""Fatherland"")","2002","Francisco Borja da Costa","Afonso de Araujo","""Pátria""","[78]"
"Ecuador","""Salve, Oh Patria"" (""We Salute You, Our Homeland"")","1948","Juan León Mera","Antonio Neumane","""Salve, Oh Patria""","[79]"
"Egypt","""Bilady, Bilady, Bilady"" (""My Country, My Country, My Country"")","1979","Mohamed Younis Al-Qady","Sayed Darwish","""Bilady, Bilady, Bilady""","[80]"
"El Salvador","""Himno Nacional de El Salvador"" (""National Anthem of El Salvador"")","1879","Juan José Cañas","Juan Aberle","""Himno Nacional de El Salvador""","[81]"
"Equatorial Guinea","""Caminemos pisando las sendas de nuestra inmensa felicidad"" (""Let Us Tread the Path of our Immense Happiness"")","1968","Atanasio Ndongo Miyone","Ramiro Sánchez Lopes","""Caminemos pisando las sendas de nuestra inmensa felicidad""","[82]"
"Eritrea","""Ertra, Ertra, Ertra"" (""Eritrea, Eritrea, Eritrea"")","1993","Solomon Tsehaye Beraki","Isaac Abraham Meharezghi","""Ertra, Ertra, Ertra""","[83]"
"Eritrea","""Ertra, Ertra, Ertra"" (""Eritrea, Eritrea, Eritrea"")","1993","Solomon Tsehaye Beraki","Aron Tekle Tesfatsion","""Ertra, Ertra, Ertra""","[83]"
"Estonia","""Mu isamaa, mu õnn ja rõõm"" (""My Fatherland, My Happiness and Joy"")","1920","Johann Voldemar Jannsen","Fredrik Pacius","""Mu isamaa, mu õnn ja rõõm""","[84][85]"
"Eswatini","""Nkulunkulu Mnikati wetibusiso temaSwati"" (""O Lord our God of the Swazi"")","1968","Andrease Enoke Fanyana Simelane","David Kenneth Rycroft","""Nkulunkulu Mnikati wetibusiso temaSwati""","[86]"
"Ethiopia","""Wodefit Gesgeshi, Widd Innat Ityopp'ya"" (""March Forward, Dear Mother Ethiopia"")","1992","Dereje Melaku Mengesha","Solomon Lulu Mitiku","""Wodefit Gesgeshi, Widd Innat Ityopp'ya""","[87][88]"
"Fiji","""Meda Dau Doka"" (""God Bless Fiji"")","1970","Michael Francis Alexander Prescott","Charles Austin Miles","""Meda Dau Doka""","[89]"
"Finland","Swedish: ""Vårt Land"" Finnish:""Maamme"" (""Our Land"")","1917","Johan Ludvig Runeberg (Swedish)","Fredrik Pacius","""Maamme""","[90]"
"Finland","Swedish: ""Vårt Land"" Finnish:""Maamme"" (""Our Land"")","1917","Paavo Cajander (Finnish)","Fredrik Pacius","""Maamme""","[90]"
"France","""La Marseillaise"" (""The Marseillaise"")","1795","Claude Joseph Rouget de Lisle","Claude Joseph Rouget de Lisle","""La Marseillaise""","[10]"
"Gabon","""La Concorde"" (""Concord"")","1960","Georges Aleka Damas","Georges Aleka Damas","""La Concorde""","[91]"
"The Gambia","""For The Gambia Our Homeland""","1965","Virginia Julie Howe","Jeremy Frederick Howe","""For The Gambia Our Homeland""","[92]"
"Georgia","""Tavisupleba"" (""Freedom"")","2004","David Magradze","Zakaria Paliashvili","""Tavisupleda""","[93]"
"Germany","""Lied der Deutschen"" (""Song of the Germans"")[j]","1922","August Heinrich Hoffmann von Fallersleben","Joseph Haydn","""Einigkeit und Recht und Freiheit""","[94]"
"Ghana","""God Bless Our Homeland Ghana""","1957","Michael Kwame Gbordzoe","Philip Gbeho","""God Bless Our Homeland Ghana""","[95]"
"Greece","""Ýmnos eis tīn Eleutherían"" (""Hymn to Liberty"" or ""Hymn to Freedom"")[e]","1865","Dionýsios Solomós","Nikolaos Mantzaros","""Ýmnos eis tīn Eleutherían""","[96]"
"Grenada","""Hail Grenada""","1974","Irva Merle Baptiste","Louis Arnold Masanto","""Hail Grenada""","[97]"
"Guatemala","""Himno Nacional de Guatemala"" (""National Anthem of Guatemala"")","1896","José Joaquín Palma","Rafael Álvarez Ovalle","""Himno Nacional de Guatemala""","[98]"
"Guinea","""Liberté"" (""Freedom"")","1958","Unknown","Kodofo Moussa","""Liberté""","[99]"
"Guinea-Bissau","""Esta É a Nossa Pátria Bem Amada"" (""This Is Our Beloved Country"")","1974","Amílcar Cabral","Xiao He","""Esta É a Nossa Pátria Bem Amada""","[100]"
"Guyana","""Dear Land of Guyana, of Rivers and Plains""","1966","Archibald Leonard Luker","Robert Cyril Gladstone Potter","""Dear Land of Guyana, of Rivers and Plains""","[101]"
"Haiti","""La Dessalinienne"" (""Song of Dessalines"")","1904","Justin Lhérisson","Nicolas Geffrard","""La Dessalinienne""","[102]"
"Honduras","""Himno Nacional de Honduras"" (""National Anthem of Honduras"")","1915","Augusto Constancio Coello","Carlos Hartling","""Himno Nacional de Honduras""","[103]"
"Hungary","""Himnusz"" (""Hymn"")","1989","Ferenc Kölcsey","Ferenc Erkel","""Himnusz""","[104][105]"
"Iceland","""Lofsöngur"" (""Hymn"")","1944","Matthías Jochumsson","Sveinbjörn Sveinbjörnsson","""Lofsöngur""","[106]"
"India","""Jana Gana Mana"" (""Hail the ruler of all minds"")","1950","Rabindranath Tagore","Rabindranath Tagore","""Jana Gana Mana""","[107]"
"Indonesia","""Indonesia Raya"" (""Great Indonesia"")","1945","Wage Rudolf Soepratman","Wage Rudolf Soepratman","""Indonesia Raya""","[108]"
"Iran","""Soroud-e Melli-e Jomhouri-e Eslami-e Iran"" (""National Anthem of Iran"")","1990","multiple","Hassan Riyahi","""Mehre Khâvarân""","[109]"
"Iraq","""Mawtini"" (""My Homeland"")","2004","Ibrahim Touqan","Mohammed Flayfel","""Mawtini""","[110]"
"Ireland","""Amhrán na bhFiann"" (""The Soldier's Song"")","1926","Peadar Kearney (English)","Peadar Kearney","""Amhrán na bhFiann""","[111]"
"Ireland","""Amhrán na bhFiann"" (""The Soldier's Song"")","1926","Liam Ó Rinn (Irish)","Peadar Kearney","""Amhrán na bhFiann""","[111]"
"Ireland","""Amhrán na bhFiann"" (""The Soldier's Song"")","1926","Peadar Kearney (English)","Patrick Heeney","""Amhrán na bhFiann""","[111]"
"Ireland","""Amhrán na bhFiann"" (""The Soldier's Song"")","1926","Liam Ó Rinn (Irish)","Patrick Heeney","""Amhrán na bhFiann""","[111]"
"Israel","""HaTikvah"" (""The Hope"")","2004","Naftali Herz Imber","Samuel Cohen","""HaTikvah""","[112]"
"Italy","""Il Canto degli Italiani"" (""The Song of the Italians"")","2017","Goffredo Mameli","Michele Novaro","""Il Canto degli Italiani""","[113]"
"Ivory Coast","""L'Abidjanaise"" (""Song of Abidjan"")","1960","Mathieu Vangah Ekra [fr]","Pierre Marie Coty","""L'Abidjanaise""","[114]"
"Ivory Coast","""L'Abidjanaise"" (""Song of Abidjan"")","1960","Joachim Bony [fr]","Pierre Marie Coty","""L'Abidjanaise""","[114]"
"Ivory Coast","""L'Abidjanaise"" (""Song of Abidjan"")","1960","Pierre Marie Coty [fr]","Pierre Marie Coty","""L'Abidjanaise""","[114]"
"Ivory Coast","""L'Abidjanaise"" (""Song of Abidjan"")","1960","Mathieu Vangah Ekra [fr]","Pierre-Michel Pango [fr]","""L'Abidjanaise""","[114]"
"Ivory Coast","""L'Abidjanaise"" (""Song of Abidjan"")","1960","Joachim Bony [fr]","Pierre-Michel Pango [fr]","""L'Abidjanaise""","[114]"
"Ivory Coast","""L'Abidjanaise"" (""Song of Abidjan"")","1960","Pierre Marie Coty [fr]","Pierre-Michel Pango [fr]","""L'Abidjanaise""","[114]"
"Jamaica","""Jamaica, Land We Love""[b]","1962","Hugh Sherlock","Robert Lightbourne","""Jamaica, Land We Love""","[115]"
"Japan","""Kimigayo"" (""His Majesty's Reign"")[116]","1999","Traditional Waka poem from the Kokin Wakashū (first published in 905)","Yoshiisa Oku","""Kimi ga Yo""","[117]"
"Japan","""Kimigayo"" (""His Majesty's Reign"")[116]","1999","Traditional Waka poem from the Kokin Wakashū (first published in 905)","Akimori Hayashi","""Kimi ga Yo""","[117]"
"Jordan","""Al-salam Al-malaki Al-urdoni"" (""The Royal Anthem of Jordan"")","1946","Abdul Monem Al-Refai","Abdul Qader al-Taneer","""Al-salam Al-malaki Al-urdoni""","[118]"
"Kazakhstan","""Meniñ Qazaqstanım"" (""My Kazakhstan"")","2006","Zhumeken Nazhimedenov (with modifications by Nursultan Nazarbayev)","Shamshi Kaldayakov","""Meniñ Qazaqstanım""","[119]"
"Kenya","""Ee Mungu Nguvu Yetu"" (""Oh God of All Creation"")","1963","Graham Hyslop","The Anthem Commission","""Ee Mungu Nguvu Yetu""","[120]"
"Kenya","""Ee Mungu Nguvu Yetu"" (""Oh God of All Creation"")","1963","G. W. Senoga-Zake","The Anthem Commission","""Ee Mungu Nguvu Yetu""","[120]"
"Kenya","""Ee Mungu Nguvu Yetu"" (""Oh God of All Creation"")","1963","Thomas Kalume","The Anthem Commission","""Ee Mungu Nguvu Yetu""","[120]"
"Kenya","""Ee Mungu Nguvu Yetu"" (""Oh God of All Creation"")","1963","Peter Kibukosya","The Anthem Commission","""Ee Mungu Nguvu Yetu""","[120]"
"Kenya","""Ee Mungu Nguvu Yetu"" (""Oh God of All Creation"")","1963","Washington Omondi","The Anthem Commission","""Ee Mungu Nguvu Yetu""","[120]"
"Kiribati","""Teirake Kaini Kiribati"" (""Stand up, Kiribati"")","1979","Urium Tamuera Ioteba","Urium Tamuera Ioteba","""Teirake Kaini Kiribati""","[121]"
"North Korea","""Aegukka"" (""The Patriotic Song"")","1947","Pak Seyŏng","Kim Wŏn'gyun","""Aegukka""","[122]"
"South Korea","""Aegukga"" (""The Patriotic Song"")","1948","An Chang-ho","Ahn Eak-tae","""Aegukga""","[123]"
"Kuwait","""Al-Nasheed Al-Watani"" (""National Anthem"")","1978","Ahmad Meshari Al-Adwani","Ibrahim Al-Soula","""Al-Nasheed Al-Watani""","[124]"
"Kyrgyzstan","""Kyrgyz Respublikasynyn Mamlekettik Gimni"" (""National Anthem of the Kyrgyz Republic"")","1992","Djamil Sadykov","Nasyr Davlesov","""Kyrgyz Respublikasynyn Mamlekettik Gimni""","[125]"
"Kyrgyzstan","""Kyrgyz Respublikasynyn Mamlekettik Gimni"" (""National Anthem of the Kyrgyz Republic"")","1992","Eshmambet Kuluev","Nasyr Davlesov","""Kyrgyz Respublikasynyn Mamlekettik Gimni""","[125]"
"Kyrgyzstan","""Kyrgyz Respublikasynyn Mamlekettik Gimni"" (""National Anthem of the Kyrgyz Republic"")","1992","Djamil Sadykov","Kalyi Moldobasanov","""Kyrgyz Respublikasynyn Mamlekettik Gimni""","[125]"
"Kyrgyzstan","""Kyrgyz Respublikasynyn Mamlekettik Gimni"" (""National Anthem of the Kyrgyz Republic"")","1992","Eshmambet Kuluev","Kalyi Moldobasanov","""Kyrgyz Respublikasynyn Mamlekettik Gimni""","[125]"
"Laos","""Pheng Xat Lao"" (""Hymn of the Lao People"")","1947","Sisana Sisane","Thongdy Sounthonevichit","""Pheng Xat Lao""","[126]"
"Latvia","""Dievs, svētī Latviju!"" (""God Bless Latvia"")","1920","Kārlis Baumanis","Kārlis Baumanis","""Dievs, svētī Latviju!""","[127]"
"Lebanon","""Lebanese National Anthem""","1927","Rashid Nakhle","Wadih Sabra","""Lebanese National Anthem""","[128]"
"Lesotho","""Lesotho Fatše La Bontata Rona"" (""Lesotho, Land of Our Fathers"")","1966","François Coillard","Ferdinand-Samuel Laur","""Lesotho Fatše La Bontata Rona""","[129]"
"Liberia","""All Hail, Liberia, Hail!""","1847","Daniel Bashiel Warner","Olmstead Luca","""All Hail, Liberia, Hail!""","[130]"
"Libya","""Libya, Libya, Libya""","2011","Al Bashir Al Arebi","Mohammed Abdel Wahab","""Libya, Libya, Libya!""","[131]"
"Liechtenstein","""Oben am jungen Rhein"" (""High on the young Rhine"")","1963","Jakob Josef Jauch","unknown","""Oben am jungen Rhein""","[132]"
"Lithuania","""Tautiška giesmė"" (""National Song"")","1919","Vincas Kudirka","Vincas Kudirka","""Tautiška giesmė""","[133]"
"Luxembourg","""Ons Heemecht"" (""Our Homeland"")","1993","Michel Lentz","Jean Antoine Zinnen","""Ons Hémécht""","[134]"
"Madagascar","""Ry Tanindrazanay malala ô!"" (""Oh, Beloved Land of our Ancestors"")","1958","Pastor Rahajason","Norbert Raharisoa","""Ry Tanindrazanay malala ô!""","[135]"
"Malawi","""Mulungu dalitsa Malaŵi"" (""God Bless Malawi"")","1964","Michael-Fredrick Paul Sauka","Michael-Fredrick Paul Sauka","""Mulungu dalitsa Malaŵi""","[136]"
"Malaysia","""Negaraku"" (""My Country"")","1957","multiple","Pierre-Jean de Béranger","""Negaraku""","[137]"
"Maldives","""Gaumii salaam"" (""National Salute"")","1972","Muhammad Jameel Didi","Pandit Wannakuwattawaduge Don Amaradeva","""Gaumii salaam""","[138]"
"Mali","""Le Mali"" (""Mali"")","1962","Seydou Badian Kouyate","Banzumana Sissoko","""Le Mali""","[139]"
"Malta","""L-Innu Malti"" (""The Maltese Hymn"")","1964","Dun Karm Psaila","Robert Samut","""L-Innu Malti""","[140]"
"Marshall Islands","""Forever Marshall Islands""","1991","Amata Kabua","Amata Kabua","""Forever Marshall Islands""","[141]"
"Mauritania","""Bilada-l ubati-l hudati-l kiram"" (""Country of the Proud, Guiding Noblemen"")","2017","unknown","Rageh Daoud","""Bilada-l ubati-l hudati-l kiram""","[142]"
"Mauritius","""Motherland""","1968","Jean Georges Prosper","Philippe Gentil","""Motherland""","[143]"
"Mexico","""Himno Nacional Mexicano"" (""Mexican National Anthem"")","1943","Francisco González Bocanegra","Jaime Nunó","""Himno Nacional Mexicano""","[144]"
"Micronesia","""Patriots of Micronesia""","1991","unknown","Traditional German song (Ich hab' mich ergeben)","""Patriots of Micronesia""","[145]"
"Moldova","""Limba noastră"" (""Our Language"")","1994","Alexei Mateevici","Alexandru Cristea","""Limba noastră""","[146]"
"Monaco","""Hymne Monégasque"" (""Monégasque Anthem"")","1848","Louis Notari","Charles Albrecht","""Hymne Monégasque""","[147]"
"Mongolia","""Mongol ulsiin töriin duulal"" (""National Anthem of Mongolia"")","1950","Tsendiin Damdinsüren","Bilegiin Damdinsüren","""Mongol ulsiin töriin duulal""","[148]"
"Mongolia","""Mongol ulsiin töriin duulal"" (""National Anthem of Mongolia"")","1950","Tsendiin Damdinsüren","Luvsanjambyn Mördorj","""Mongol ulsiin töriin duulal""","[148]"
"Montenegro","""Oj, svijetla majska zoro"" (""O, Bright Dawn of May"")","2004","folk song","Žarko Mirković","""Oj, svijetla majska zoro""","[149]"
"Morocco","""Hymne Chérifien"" (""Cherifian Anthem"")","1956","Ali Squalli Houssaini","Léo Morgan","""Hymne Chérifien""","[150]"
"Mozambique","""Pátria Amada"" (Beloved Homeland"")","2002","Salomão J. Manhiça","Justino Sigaulane Chemane","""Pátria Amada""","[151]"
"Mozambique","""Pátria Amada"" (Beloved Homeland"")","2002","Mia Couto","Justino Sigaulane Chemane","""Pátria Amada""","[151]"
"Myanmar","""Kaba Ma Kyei"" (""Till the End of the World"")","1948","Tsaya Ting","Tsaya Ting","""Kaba Ma Kyei""","[152]"
"Namibia","""Namibia, Land of the Brave""","1991","Axali Doëseb","Axali Doëseb","""Namibia, Land of the Brave""","[153]"
"Nauru","""Nauru Bwiema"" (""Song of Nauru"")","1968","Margaret Hendrie","Laurence Henry Hicks","","[154]"
"Nepal","""Sayaun Thunga Phulka"" (""Made of Hundreds of Flowers"")","2007","Byakul Maila","Amber Gurung","""Sayaun Thunga Phulka""","[155]"
"Netherlands","""Wilhelmus"" (""William"")","1932","Philips of Marnix","Adrianus Valerius","""The Wilhelmus""","[156]"
"Netherlands","""Wilhelmus"" (""William"")","1932","Dirck Coornhert","Adrianus Valerius","""The Wilhelmus""","[156]"
"Netherlands","""Wilhelmus"" (""William"")","1932","Petrus Dathenus","Adrianus Valerius","""The Wilhelmus""","[156]"
"New Zealand","""God Defend New Zealand""[b]","1940","Thomas Bracken (English version)[k]","John Joseph Woods","""God Defend New Zealand""","[157]"
"New Zealand","""God Defend New Zealand""[b]","1977","Thomas Bracken (English version)[k]","John Joseph Woods","""God Defend New Zealand""","[157]"
"New Zealand","""God Defend New Zealand""[b]","1940","Thomas H. Smith (Māori version)[k]","John Joseph Woods","""God Defend New Zealand""","[157]"
"New Zealand","""God Defend New Zealand""[b]","1977","Thomas H. Smith (Māori version)[k]","John Joseph Woods","""God Defend New Zealand""","[157]"
"Nicaragua","""Salve a ti, Nicaragua"" (""Hail to Thee, Nicaragua"")","1918","Salomón Ibarra Mayorga","Luis A. Delgadillo","""Salve a ti, Nicaragua""","[158]"
"Niger","""La Nigérienne"" (""The Nigerien"")","1961","Maurice Albert Thiriet","Robert Jacquet","""La Nigérienne""","[159]"
"Niger","""La Nigérienne"" (""The Nigerien"")","1961","Maurice Albert Thiriet","Nicolas Abel François Frionnet","""La Nigérienne""","[159]"
"Nigeria","""Arise, O Compatriots""","1978","John A. Ilechukwu","Nigerian Police Band","80px ""Arise O compatriots, Nigeria's Call Obey""","[160]"
"Nigeria","""Arise, O Compatriots""","1978","Eme Etim Akpan","Nigerian Police Band","80px ""Arise O compatriots, Nigeria's Call Obey""","[160]"
"Nigeria","""Arise, O Compatriots""","1978","B. A. Ogunnaike","Nigerian Police Band","80px ""Arise O compatriots, Nigeria's Call Obey""","[160]"
"Nigeria","""Arise, O Compatriots""","1978","Sotu Omoigui","Nigerian Police Band","80px ""Arise O compatriots, Nigeria's Call Obey""","[160]"
"Nigeria","""Arise, O Compatriots""","1978","P. O. Aderibighe","Nigerian Police Band","80px ""Arise O compatriots, Nigeria's Call Obey""","[160]"
"North Macedonia","""Denes nad Makedonija"" (""Today Over Macedonia"")","1992","Vlado Maleski","Todor Skalovski","""Denes nad Makedonija""","[161]"
"Norway","""Ja, vi elsker dette landet"" (""Yes, We Love This Country"")[l]","2019","Bjørnstjerne Bjørnson","Rikard Nordraak","""Ja, vi elsker dette landet""","[162][163]"
"Oman","""Nashid as-Salaam as-Sultani"" (""Sultanic Salute"")","1932","Rashid bin Uzayyiz Al Khusaidi","James Frederick Mills","""Nashid as-Salaam as-Sultani""","[164]"
"Pakistan","""Qaumī Tarāna"" (""National Anthem"")","1954","Hafeez Jullundhri","Ahmed Ghulamali Chagla","""Qaumī Tarāna""","[165]"
"Palau","""Belau rekid"" (""Our Palau"")","1980","multiple","Ymesei O. Ezekiel","""Belau rekid""","[166]"
"Panama","""Fida'i"" (""My Country"")","1925","Jeronimo de la Ossa","Santos Jorge","""Fida'i""","[167]"
"Papua New Guinea","""O Arise, All You Sons""[b]","1975","Tom Shacklady","Tom Shacklady","""O Arise, All You Sons""","[169]"
"Paraguay","""Himno Nacional Paraguayo"" (""Paraguayan National Anthem"")","1933","Francisco Acuña de Figueroa","Francisco José Debali","""Paraguayos, República o Muerte""","[170]"
"Peru","""Himno Nacional del Perú"" (""National Anthem of Peru"")","1821","José de la Torre Ugarte y Alarcón","Jose Bernardo Alcedo","""Himno Nacional del Perú""","[171]"
"Philippines","""Lupang Hinirang"" (""Chosen Land"")","1898","José Palma","Julián Felipe","""Lupang Hinirang""","[172]"
"Poland","""Mazurek Dąbrowskiego"" (""Poland Is Not Yet Lost"")[n]","1926","Józef Wybicki","unknown","""Mazurek Dąbrowskiego""","[173]"
"Portugal","""A Portuguesa"" (""The Portuguese"")","1911","Henrique Lopes de Mendonça","Alfredo Keil","""A Portuguesa""","[174]"
"Qatar","""As Salam al Amiri"" (""Peace to the Amir"")","1996","Sheikh Mubarak bin Saïf al-Thani","Abdul Aziz Nasser Obaidan","""As Salam Al Amiri""","[175]"
"Romania","""Deșteaptă-te, române!"" (""Awaken Thee, Romanian!"")","1990","Andrei Mureşanu","Anton Pann","""Deșteaptă-te, române!""","[176]"
"Romania","""Deșteaptă-te, române!"" (""Awaken Thee, Romanian!"")","1990","Andrei Mureşanu","Gheorghe Ucenescu","""Deșteaptă-te, române!""","[176]"
"Russia","""Gosudarstvenny Gimn Rossiyskoy Federatsii"" (""State Hymn of the Russian Federation"")","2000","Sergey Mikhalkov","Alexander Vasilyevich Alexandrov","""Gosudarstvenny Gimn Rossiyskoy Federatsii""","[177]"
"Rwanda","""Rwanda Nziza"" (""Beautiful Rwanda"")","2002","Faustin Murigo","Jean-Bosco Hashakimana","""Rwanda Nziza""","[178]"
"Saint Kitts and Nevis","""O Land of Beauty!""[b]","1983","Kenrick Georges","Kenrick Georges","""O Land of Beauty!""","[179]"
"Saint Lucia","""Sons and Daughters of Saint Lucia""","1979","Charles Jesse","Leton Felix Thomas","""Sons and Daughters of Saint Lucia""","[180]"
"Saint Vincent and the Grenadines","""Saint Vincent, Land so beautiful""","1979","Phyllis Punnett","Joel Bertram Miguel","""Saint Vincent, Land so Beautiful""","[181][182]"
"Samoa","""The Banner of Freedom""","1962","Sauni Iiga Kuresa","Sauni Iiga Kuresa","","[183]"
"San Marino","""Inno Nazionale della Repubblica"" (""The National Anthem of the Republic"")","1894","No official lyrics","Federico Consolo","""Inno Nazionale della Repubblica""","[184]"
"São Tomé and Príncipe","""Independência total"" (""Total Independence"")","1975","Alda Neves da Graça do Espírito Santo","Manuel dos Santos Barreto de Sousa e Almeida","""Independência total""","[185]"
"Saudi Arabia","""As-Salam Al Malaki"" (""The Royal Salute"")","1950","Ibrahim Khafaji","Abdul Rahman Al-Khateeb","""As-Salam Al Malaki""","[186]"
"Senegal","""Pincez Tous vos Koras, Frappez les Balafons"" (""Strum your Koras, Strike the Balafons"")","1960","Léopold Sédar Senghor","Herbert Pepper [fr]","""Pincez Tous vos Koras, Frappez les Balafons""","[187]"
"Serbia","""Bože pravde"" (""God of Justice"")","2006","Jovan Đorđević","Davorin Jenko","""Bože pravde""","[188]"
"Seychelles","""Koste Seselwa"" (""Join together all Seychellois"")","1996","David François Marc André","David François Marc André","""Koste Seselwa""","[189]"
"Seychelles","""Koste Seselwa"" (""Join together all Seychellois"")","1996","George Charles Robert Payet","David François Marc André","""Koste Seselwa""","[189]"
"Seychelles","""Koste Seselwa"" (""Join together all Seychellois"")","1996","David François Marc André","George Charles Robert Payet","""Koste Seselwa""","[189]"
"Seychelles","""Koste Seselwa"" (""Join together all Seychellois"")","1996","George Charles Robert Payet","George Charles Robert Payet","""Koste Seselwa""","[189]"
"Sierra Leone","""High We Exalt Thee, Realm of the Free""","1961","Clifford Nelson Fyle","John Akar","""High We Exalt Thee, Realm of the Free""","[190]"
"Singapore","""Majulah Singapura"" (""Onward Singapore"")","1965","Zubir Said","Zubir Said","""Majulah Singapura""","[191]"
"Slovakia","""Nad Tatrou sa blýska"" (""Lightning Over the Tatras"")[g]","1918","Janko Matúška","folk tune","""Nad Tatrou sa blýska""","[192][193]"
"Slovenia","""Zdravljica"" (""A Toast"")[o]","1989","France Prešeren","Stanko Premrl","""Zdravljica""","[194]"
"Solomon Islands","""God Save Our Solomon Islands""[b]","1978","Panapasa Balekana","Panapasa Balekana","","[195]"
"Solomon Islands","""God Save Our Solomon Islands""[b]","1978","Matila Balekana","Panapasa Balekana","","[195]"
"Somalia","""Qolobaa Calankeed"" (""Praise to the Flag"")","2012","Abdullahi Qarshe","Abdullahi Qarshe","""Qolobaa Calankeed""","[196]"
"South Africa","""National anthem of South Africa""[p]","1997","Enoch Sontonga","Enoch Sontonga","""National Anthem of South Africa""","[197]"
"South Africa","""National anthem of South Africa""[p]","1997","C. J. Langenhoven","Enoch Sontonga","""National Anthem of South Africa""","[197]"
"South Africa","""National anthem of South Africa""[p]","1997","Enoch Sontonga","Marthinus Lourens de Villiers","""National Anthem of South Africa""","[197]"
"South Africa","""National anthem of South Africa""[p]","1997","C. J. Langenhoven","Marthinus Lourens de Villiers","""National Anthem of South Africa""","[197]"
"South Sudan","""South Sudan Oyee!""","2011","Students and teachers of Juba University, 2011","Students and teachers of Juba University, 2011","""South Sudan Oyee!""","[199]"
"Spain","""La Marcha Real"" (""The Royal March"")","1770","none","unknown","""La Marcha Real""","[200]"
"Spain","""La Marcha Real"" (""The Royal March"")","1939","none","unknown","""La Marcha Real""","[200]"
"Sri Lanka","""Sri Lanka Matha"" (""Mother Sri Lanka"")","1951","Ananda Samarakoon","Ananda Samarakoon","""Sri Lanka Matha""","[201]"
"Sudan","""Nahnu Jund Allah Jund Al-watan"" (""We Are the Army of God and of Our Land"")","1956","Sayyed Ahmed Mohammed Salih","Ahmad Murjan","""Nahnu Jund Allah Jund Al-watan""","[202]"
"Suriname","""God zij met ons Suriname"" (""God Be With Our Suriname"")","1959","Cornelis Atses Hoekstra","Johannes Corstianus de Puy","""God zij met ons Suriname""","[203]"
"Suriname","""God zij met ons Suriname"" (""God Be With Our Suriname"")","1959","Henry de Ziel","Johannes Corstianus de Puy","""God zij met ons Suriname""","[203]"
"Sweden","""Du gamla, Du fria"" (""Thou Ancient, Thou Free"")[r]","","Richard Dybeck","folk tune","""Du gamla, Du fria""","[204]"
"Switzerland","""Schweizerpsalm"" (""Swiss Psalm"")","1981","Leonhard Widmer","Alberich Zwyssig","""Schweizerpsalm""","[205]"
"Switzerland","""Schweizerpsalm"" (""Swiss Psalm"")","1981","Charles Chatelanat","Alberich Zwyssig","""Schweizerpsalm""","[205]"
"Switzerland","""Schweizerpsalm"" (""Swiss Psalm"")","1981","Camillo Valsangiacomo","Alberich Zwyssig","""Schweizerpsalm""","[205]"
"Switzerland","""Schweizerpsalm"" (""Swiss Psalm"")","1981","Flurin Camathias","Alberich Zwyssig","""Schweizerpsalm""","[205]"
"Syria","""Humāt ad-Diyār"" (""Guardians of the Homeland"")","1936","Khalil Mardam Bey","Mohammed Flayfel","""Humāt ad-Diyār""","[206]"
"Syria","""Humāt ad-Diyār"" (""Guardians of the Homeland"")","1936","Khalil Mardam Bey","Ahmad Salim Flayfel","""Humāt ad-Diyār""","[206]"
"Tajikistan","""Surudi Milli"" (""National Anthem"")","1991","Gulnazar Keldi","Suleiman Yudakov","""Surudi Milli""","[207]"
"Tanzania","""Mungu ibariki Afrika"" (""God Bless Africa"")","1961","collectively","Enoch Sontonga","""Mungu ibariki Afrika""","[208]"
"Thailand","""Phleng Chat"" (""National Song"")[s]","1939","Luang Saranupraphan","Peter Feit","""Phleng Chat""","[209]"
"Togo","""Salut à toi, pays de nos aïeux"" (""Hail to Thee, Land of our Forefathers"")","1960","Alex Casimir-Dosseh","Alex Casimir-Dosseh","""Salut à toi, pays de nos aïeux""","[210]"
"Tonga","""Ko e fasi ʻo e tuʻi ʻo e ʻOtu Tonga"" (""Song of the King of the Tonga Islands"")","1875","Uelingatoni Ngū Tupoumalohi","Carl Gustav Schmitt","""Ko e fasi ʻo e tuʻi ʻo e ʻOtu Tonga""","[211][212]"
"Trinidad and Tobago","""Forged from the Love of Liberty""","1962","Patrick Castagne","Patrick Castagne","""Forged from the Love of Liberty""","[213]"
"Tunisia","""Humat al-Hima"" (""Defenders of the Homeland"")","1987","Mustafa Sadiq Al-Rafi'i","Mohammed Abdel Wahab","""Humat al-Hima""","[214]"
"Tunisia","""Humat al-Hima"" (""Defenders of the Homeland"")","1987","Aboul-Qacem Echebbi","Mohammed Abdel Wahab","""Humat al-Hima""","[214]"
"Turkey","""İstiklâl Marşı"" (""The March of Independence"")","1921","Mehmet Akif Ersoy","Osman Zeki Üngör","""İstiklâl Marşı""","[215]"
"Turkmenistan","""Garaşsyz, Bitarap Türkmenistanyň Döwlet Gimni"" (""The State Anthem of Independent and Neutral Turkmenistan"")","2008","collectively","Veli Mukhatov","""Türkmenbaşyň guran beýik binasy""","[216]"
"Tuvalu","""Tuvalu mo te Atua"" (""Tuvalu for the Almighty"")[b]","1978","Afaese Manoa","Afaese Manoa","","[217]"
"Uganda","""Oh Uganda, Land of Beauty""","1962","George Wilberforce Kakoma","George Wilberforce Kakoma","""Oh Uganda, Land of Beauty""","[218]"
"Ukraine","""Shche ne vmerla Ukraina"" (""Ukraine's Glory Has Not Perished"")","1917","Pavlo Chubynsky","Mykhaylo Verbytsky","""Shche ne vmerla Ukrainy""","[219]"
"United Arab Emirates","""Ishy Biladi"" (""Long Live my Homeland"")","1971","Arif Al Sheikh Abdullah Al Hassan","Saad Abdel Wahab","""Ishy Biladi""","[220][221]"
"United Kingdom","""God Save the Queen""[t]","","Henry Carey","unknown","""God Save the Queen""","[222][223]"
"United States","""The Star-Spangled Banner""","1931","Francis Scott Key","John Stafford Smith","""The Star-Spangled Banner""","[224]"
"Uruguay","""Himno Nacional"" (""National Anthem"")","1848","Francisco Acuña de Figueroa","Francisco José Debali","""Himno Nacional""","[225]"
"Uzbekistan","""O`zbekiston Respublikasining Davlat Madhiyasi"" (""National Anthem of the Republic of Uzbekistan"")","1991","Abdulla Aripov","Mutal Burhanov","""O`zbekiston Respublikasining Davlat Madhiyasi""","[226]"
"Vanuatu","""Yumi, Yumi, Yumi"" (""We, We, We"")","1980","François Vincent Ayssav","François Vincent Ayssav","""Yumi, Yumi, Yumi""","[227]"
"Vatican City","""Marche Pontificale"" (""Pontifical Anthem and March"")","1949","Antonio Allegra","Charles Gounod","""Marche Pontificale""","[228]"
"Venezuela","""Gloria al Bravo Pueblo"" (""Glory to the Brave People"")","1881","Vicente Salias","Juan José Landaeta","""Gloria al Bravo Pueblo""","[229]"
"Vietnam","""Tiến Quân Ca"" (""Marching Song"")","1945","Văn Cao","Văn Cao","","[230]"
"Yemen","""National anthem of Yemen""","1990","Abdallah Abdulwahab Noman","Ayoob Tarish","""National anthem of Yemen""","[231][232]"
"Zambia","""Stand and Sing of Zambia, Proud and Free""","1964","collectively","Enoch Sontonga","""National anthem of Zambia""","[233][234]"
"Zimbabwe","""Simudzai Mureza WeZimbabwe"" (""O Lift High the Banner of Zimbabwe"")","1994","Solomon Mutswairo","Fred Changundega","""Blessed be the land of Zimbabwe""","[235]"
